Date,Price,Open,High,Low,Vol.,Change %
2021-03-31,"9,650","10,150","10,150","9,300",153.60K,0.10%
2021-03-30,"9,640","7,640","9,640","7,490",112.05M,29.92%
2021-03-29,"7,420","7,610","8,030","7,400",0.43K,-0.93%
2021-03-28,"7,490","7,490","7,490","7,490",-,0.00%
2021-03-26,"7,490","6,920","7,650","6,850",40.19M,7.00%
2021-03-25,"7,000","7,170","7,260","6,830",12.29K,1.01%
2021-03-24,"6,930","6,990","7,200","6,810",22.07K,0.43%
2021-03-23,"6,900","7,060","7,240","6,860",16.00K,-5.99%
2021-03-22,"7,340","7,230","7,890","7,130",17.58K,0.55%
2021-03-21,"7,300","7,300","7,300","7,300",-,0.00%
2021-03-19,"7,300","7,020","7,380","6,830",48.85M,1.67%
2021-03-18,"7,180","6,170","7,380","5,980",51.80K,25.96%
2021-03-17,"5,700","5,880","6,060","5,560",121.90K,2.89%
2021-03-16,"5,540","5,130","6,250","4,995",0.36K,7.78%
2021-03-15,"5,140","5,340","5,550","5,110",38.23K,0.39%
2021-03-14,"5,120","5,120","5,120","5,120",-,0.00%
2021-03-12,"5,120","4,920","5,210","4,870",11.17M,7.23%
2021-03-11,"4,775","4,920","5,050","4,765",0.32K,0.00%
2021-03-10,"4,775","5,170","5,240","4,750",9.51M,-4.40%
2021-03-09,"4,995","4,925","5,330","4,760",0.05K,5.71%
2021-03-08,"4,725","4,720","4,885","4,720",2.90M,1.29%
2021-03-05,"4,665","4,695","4,705","4,585",1.56M,-2.81%
2021-03-04,"4,800","4,765","4,900","4,705",0.42K,3.23%
2021-03-03,"4,650","4,565","4,785","4,555",0.50K,2.20%
2021-03-02,"4,550","4,650","4,745","4,550",4.60K,1.11%
2021-03-01,"4,500","4,500","4,500","4,500",-,0.00%
2021-02-26,"4,500","4,510","4,665","4,410",3.66M,-5.46%
2021-02-25,"4,760","4,710","4,875","4,705",1.13K,2.26%
2021-02-24,"4,655","4,705","5,100","4,645",1.17K,-3.32%
2021-02-23,"4,815","5,240","5,410","4,815",1.79K,-15.23%
2021-02-22,"5,680","5,450","6,190","5,170",9.58K,10.29%
2021-02-21,"5,150","5,150","5,150","5,150",-,0.00%
2021-02-19,"5,150","5,280","5,370","5,030",9.44M,-2.46%
2021-02-18,"5,280","5,440","5,970","5,260",7.75K,2.13%
2021-02-17,"5,170","5,350","5,490","5,120",0.00K,-0.39%
2021-02-16,"5,190","4,865","5,600","4,865",0.30K,6.79%
2021-02-15,"4,860","5,050","5,080","4,840",0.00K,0.93%
2021-02-14,"4,815","4,815","4,815","4,815",-,0.00%
2021-02-10,"4,815","5,110","5,180","4,780",12.40M,-8.29%
2021-02-09,"5,250","5,670","5,670","5,140",157.24K,14.63%
2021-02-08,"4,580","4,285","4,610","4,220",8.22M,8.79%
2021-02-05,"4,210","4,175","4,270","4,140",1.75M,1.20%
2021-02-04,"4,160","4,175","4,250","4,110",5.20K,0.60%
2021-02-03,"4,135","4,115","4,160","4,055",1.80M,2.10%
2021-02-02,"4,050","4,025","4,110","4,000",1.51M,0.62%
2021-02-01,"4,025","3,765","4,025","3,720",21.41K,5.37%
2021-01-31,"3,820","3,820","3,820","3,820",-,0.00%
2021-01-29,"3,820","4,085","4,145","3,800",2.21M,-3.78%
2021-01-28,"3,970","3,990","4,055","3,915",1.96M,-3.29%
2021-01-27,"4,105","4,275","4,285","4,100",5.95K,-3.18%
2021-01-26,"4,240","4,250","4,415","4,230",0.05K,-0.70%
2021-01-25,"4,270","4,330","4,330","4,215",3.04K,-0.58%
2021-01-24,"4,295","4,295","4,295","4,295",-,0.00%
2021-01-22,"4,295","4,300","4,375","4,230",4.64M,-6.02%
2021-01-21,"4,570","4,460","4,695","4,395",1.32K,3.04%
2021-01-20,"4,435","4,430","4,510","4,410",2.58M,0.34%
2021-01-19,"4,420","4,425","4,525","4,360",1.50K,-0.23%
2021-01-18,"4,430","4,585","4,635","4,430",0.03K,-6.04%
2021-01-17,"4,715","4,715","4,715","4,715",-,0.00%
2021-01-15,"4,715","4,915","4,935","4,715",3.44M,-3.18%
2021-01-14,"4,870","4,995","5,060","4,870",0.44K,0.41%
2021-01-13,"4,850","4,820","4,910","4,750",0.70K,-1.22%
2021-01-12,"4,910","5,100","5,100","4,725",2.93K,-3.54%
2021-01-11,"5,090","5,840","5,850","5,030",25.61K,-12.09%
2021-01-10,"5,790","5,790","5,790","5,790",-,0.00%
2021-01-08,"5,790","5,590","6,520","5,510",127.35M,11.13%
2021-01-07,"5,210","5,400","5,530","5,200",19.24M,-0.57%
2021-01-06,"5,240","5,020","5,410","4,950",2.46K,7.16%
2021-01-05,"4,890","5,020","5,040","4,850",0.40K,-4.86%
2021-01-04,"5,140","5,350","5,450","5,060",4.05K,5.54%
2020-12-30,"4,870","4,770","5,150","4,735",15.20M,3.07%
2020-12-29,"4,725","4,715","4,810","4,640",0.60K,0.64%
2020-12-28,"4,695","5,240","5,260","4,670",8.24K,0.32%
2020-12-27,"4,680","4,680","4,680","4,680",-,0.00%
2020-12-24,"4,680","4,720","4,820","4,560",5.62M,-3.41%
2020-12-23,"4,845","5,140","5,400","4,755",11.99K,-1.42%
2020-12-22,"4,915","5,210","5,230","4,860",3.38K,-8.47%
2020-12-21,"5,370","5,440","5,620","5,330",9.49K,-0.19%
2020-12-20,"5,380","5,380","5,380","5,380",-,0.00%
2020-12-18,"5,380","5,710","5,880","5,290",23.27M,-3.06%
2020-12-17,"5,550","5,840","6,060","5,450",2.76K,10.34%
2020-12-16,"5,030","5,150","5,160","4,990",2.00K,-0.40%
2020-12-15,"5,050","4,920","5,410","4,885",0.99K,3.38%
2020-12-14,"4,885","4,975","4,985","4,860",0.00K,0.83%
2020-12-13,"4,845","4,845","4,845","4,845",-,0.00%
2020-12-11,"4,845","4,755","4,995","4,710",6.60M,1.89%
2020-12-10,"4,755","4,840","5,030","4,755",3.71K,-0.52%
2020-12-09,"4,780","4,785","4,845","4,675",8.17M,-4.59%
2020-12-08,"5,010","5,020","5,220","5,000",1.67K,-2.34%
2020-12-07,"5,130","5,340","5,340","5,060",7.30K,-3.93%
2020-12-06,"5,340","5,340","5,340","5,340",-,0.00%
2020-12-04,"5,340","5,350","5,430","5,240",5.35M,1.14%
2020-12-03,"5,280","5,550","5,550","5,280",0.10K,-4.86%
2020-12-02,"5,550","5,600","5,670","5,460",7.12M,-0.89%
2020-12-01,"5,600","6,050","6,180","5,530",140.38K,3.32%
2020-11-30,"5,420","5,480","5,600","5,420",9.41M,2.46%
2020-11-29,"5,290","5,290","5,290","5,290",-,0.00%
2020-11-27,"5,290","5,160","5,570","5,160",11.20M,-5.03%
2020-11-26,"5,570","5,600","5,960","5,490",6.80K,-3.30%
2020-11-25,"5,760","5,890","6,320","5,640",33.23K,3.78%
2020-11-24,"5,550","5,220","6,540","4,990",0.43K,6.94%
2020-11-23,"5,190","5,260","5,300","5,120",173.42K,0.00%
2020-11-22,"5,190","5,190","5,190","5,190",-,0.00%
2020-11-20,"5,190","5,220","5,250","4,965",17.27M,-2.08%
2020-11-19,"5,300","5,190","5,690","5,090",28.12K,0.19%
2020-11-18,"5,290","4,775","5,500","4,540",72.62K,24.47%
2020-11-17,"4,250","4,435","4,755","4,175",0.00K,1.55%
2020-11-16,"4,185","4,185","4,190","3,860",12.08M,-3.24%
2020-11-15,"4,325","4,325","4,325","4,325",-,0.00%
2020-11-13,"4,325","4,600","4,940","4,245",88.05M,2.00%
2020-11-12,"4,240","4,315","4,515","4,220",0.01K,0.83%
2020-11-11,"4,205","4,310","4,410","4,100",10.17K,-4.43%
2020-11-10,"4,400","4,490","4,490","4,280",5.54K,-5.17%
2020-11-09,"4,640","4,730","4,775","4,505",26.69K,-1.69%
2020-11-08,"4,720","4,720","4,720","4,720",-,0.00%
2020-11-06,"4,720","4,070","4,895","4,070",122.05M,23.88%
2020-11-05,"3,810","3,455","3,920","3,415",0.21K,13.06%
2020-11-04,"3,370","3,435","3,560","3,245",2.01K,2.28%
2020-11-03,"3,295","3,425","3,470","3,265",14.13M,-2.80%
2020-11-02,"3,390","3,490","3,540","3,310",19.27M,2.11%
2020-11-01,"3,320","3,320","3,320","3,320",-,0.00%
2020-10-30,"3,320","3,350","3,600","3,250",49.90M,1.53%
2020-10-29,"3,270","3,285","3,370","3,205",12.87K,-3.68%
2020-10-28,"3,395","3,300","3,515","3,190",23.72K,8.81%
2020-10-27,"3,120","3,560","3,675","3,100",2.78K,-4.88%
2020-10-26,"3,280","3,470","3,730","3,155",4.97K,-4.09%
2020-10-25,"3,420","3,420","3,420","3,420",-,0.00%
2020-10-23,"3,420","4,025","4,070","3,310",80.71M,-11.17%
2020-10-22,"3,850","3,265","3,850","3,205",0.04K,29.85%
2020-10-21,"2,965","2,940","3,025","2,835",0.00K,-1.17%
2020-10-20,"3,000","2,855","3,000","2,700",30.28K,3.63%
2020-10-19,"2,895","2,340","2,935","2,335",16.93K,28.10%
2020-10-16,"2,260","2,295","2,320","2,260",435.30K,-1.95%
2020-10-15,"2,305","2,390","2,390","2,275",637.48K,-2.95%
2020-10-14,"2,375","2,435","2,440","2,360",465.95K,-2.46%
2020-10-13,"2,435","2,460","2,490","2,410",0.75K,-0.20%
2020-10-12,"2,440","2,430","2,465","2,420",503.93K,1.04%
2020-10-08,"2,415","2,420","2,450","2,400",482.96K,0.00%
2020-10-07,"2,415","2,350","2,420","2,335",467.07K,1.90%
2020-10-06,"2,370","2,400","2,410","2,350",2.01K,-0.84%
2020-10-05,"2,390","2,340","2,390","2,325",2.44K,1.27%
2020-09-29,"2,360","2,325","2,415","2,315",701.74K,1.72%
2020-09-28,"2,320","2,260","2,375","2,255",520.79K,2.88%
2020-09-25,"2,255","2,270","2,410","2,255",1.03M,0.67%
2020-09-24,"2,240","2,255","2,315","2,185",1.00K,-0.88%
2020-09-23,"2,260","2,310","2,350","2,245",0.08K,-1.53%
2020-09-22,"2,295","2,390","2,405","2,280",870.49K,-4.57%
2020-09-21,"2,405","2,485","2,500","2,400",1.80K,-3.22%
2020-09-18,"2,485","2,465","2,570","2,430",1.01M,1.22%
2020-09-17,"2,455","2,505","2,510","2,445",619.01K,-1.01%
2020-09-16,"2,480","2,480","2,545","2,475",1.08M,0.20%
2020-09-15,"2,475","2,425","2,550","2,420",1.93M,2.48%
2020-09-14,"2,415","2,410","2,435","2,405",448.22K,0.21%
2020-09-11,"2,410","2,440","2,445","2,395",561.44K,-1.43%
2020-09-10,"2,445","2,415","2,445","2,410",1.25K,1.45%
2020-09-09,"2,410","2,360","2,420","2,350",668.95K,-0.41%
2020-09-08,"2,420","2,435","2,465","2,415",757.60K,-0.41%
2020-09-07,"2,430","2,450","2,450","2,390",717.37K,-0.61%
2020-09-04,"2,445","2,410","2,455","2,350",1.35M,-2.40%
2020-09-03,"2,505","2,515","2,555","2,500",921.56K,-0.40%
2020-09-02,"2,515","2,525","2,575","2,490",2.43K,0.60%
2020-09-01,"2,500","2,500","2,515","2,470",884.10K,0.60%
2020-08-31,"2,485","2,470","2,535","2,465",0.10K,0.20%
2020-08-28,"2,480","2,525","2,540","2,470",901.42K,-0.60%
2020-08-27,"2,495","2,530","2,560","2,490",912.74K,-1.38%
2020-08-26,"2,530","2,545","2,545","2,470",1.75K,-0.78%
2020-08-25,"2,550","2,575","2,580","2,530",0.27K,0.99%
2020-08-24,"2,525","2,495","2,540","2,430",725.14K,0.80%
2020-08-23,"2,505","2,505","2,505","2,505",-,0.00%
2020-08-21,"2,505","2,495","2,550","2,435",932.48K,1.83%
2020-08-20,"2,460","2,630","2,635","2,410",2.30K,-6.99%
2020-08-19,"2,645","2,625","2,695","2,600",0.05K,0.76%
2020-08-18,"2,625","2,735","2,775","2,610",1.15M,-2.96%
2020-08-17,"2,705","2,705","2,705","2,705",-,0.00%
2020-08-14,"2,705","2,765","2,780","2,680",917.13K,-1.10%
2020-08-13,"2,735","2,725","2,790","2,715",1.01M,0.74%
2020-08-12,"2,715","2,800","2,800","2,685",2.25M,-3.72%
2020-08-11,"2,820","2,935","2,940","2,820",0.42K,-2.93%
2020-08-10,"2,905","2,940","2,940","2,830",0.30K,-1.53%
2020-08-09,"2,950","2,950","2,950","2,950",-,0.00%
2020-08-07,"2,950","2,880","3,085","2,855",14.71M,4.24%
2020-08-06,"2,830","2,870","2,890","2,820",1.39M,0.18%
2020-08-05,"2,825","2,855","2,865","2,805",0.28K,-0.88%
2020-08-04,"2,850","2,740","2,875","2,740",10.00K,4.01%
2020-08-03,"2,740","2,690","2,820","2,690",0.00K,2.62%
2020-08-02,"2,670","2,670","2,670","2,670",-,0.00%
2020-07-31,"2,670","2,710","2,740","2,660",699.34K,-1.84%
2020-07-30,"2,720","2,785","2,785","2,710",0.04K,0.18%
2020-07-29,"2,715","2,755","2,765","2,680",1.48M,-1.45%
2020-07-28,"2,755","2,850","2,925","2,750",2.00K,1.47%
2020-07-27,"2,715","2,630","2,745","2,625",2.78M,5.23%
2020-07-24,"2,580","2,650","2,660","2,560",861.81K,-2.64%
2020-07-23,"2,650","2,705","2,705","2,625",1.45K,-0.19%
2020-07-22,"2,655","2,610","2,685","2,610",754.31K,1.92%
2020-07-21,"2,605","2,585","2,635","2,585",515.39K,0.97%
2020-07-20,"2,580","2,630","2,650","2,560",6.29K,-2.27%
2020-07-17,"2,640","2,615","2,655","2,615",527.20K,0.00%
2020-07-16,"2,640","2,700","2,705","2,625",0.66K,-2.04%
2020-07-15,"2,695","2,665","2,715","2,665",2.51K,1.13%
2020-07-14,"2,665","2,725","2,725","2,660",877.55K,-2.20%
2020-07-13,"2,725","2,745","2,765","2,700",885.20K,0.18%
2020-07-10,"2,720","2,725","2,830","2,700",1.62M,-0.73%
2020-07-09,"2,740","2,795","2,820","2,730",1.02M,-0.72%
2020-07-08,"2,760","2,810","2,840","2,760",0.02K,-1.43%
2020-07-07,"2,800","2,775","2,850","2,755",1.47K,2.19%
2020-07-06,"2,740","2,725","2,755","2,670",624.38K,0.00%
2020-07-03,"2,740","2,765","2,770","2,720",711.32K,-0.36%
2020-07-02,"2,750","2,720","2,770","2,720",599.85K,0.92%
2020-07-01,"2,725","2,785","2,820","2,715",1.07M,-1.62%
2020-06-30,"2,770","2,770","2,875","2,740",3.04M,1.28%
2020-06-29,"2,735","2,725","3,025","2,665",13.83M,-0.55%
2020-06-28,"2,750","2,750","2,750","2,750",-,0.00%
2020-06-26,"2,750","2,770","2,845","2,730",1.35M,-0.36%
2020-06-25,"2,760","2,795","2,865","2,760",1.27K,-4.17%
2020-06-24,"2,880","2,795","3,050","2,735",0.63K,3.78%
2020-06-23,"2,775","2,855","2,920","2,755",2.00K,-1.25%
2020-06-22,"2,810","2,765","2,995","2,720",8.23M,4.85%
2020-06-21,"2,680","2,680","2,680","2,680",-,0.00%
2020-06-19,"2,680","2,585","2,695","2,580",1.49M,3.88%
2020-06-18,"2,580","2,550","2,605","2,550",0.80K,0.00%
2020-06-17,"2,580","2,550","2,655","2,535",0.55K,-0.77%
2020-06-16,"2,600","2,520","2,630","2,500",3.24K,7.00%
2020-06-15,"2,430","2,700","2,730","2,430",3.30M,-11.80%
2020-06-14,"2,755","2,755","2,755","2,755",-,0.00%
2020-06-12,"2,755","2,685","2,765","2,650",2.75M,-5.33%
2020-06-11,"2,910","3,000","3,020","2,845",3.99K,-3.96%
2020-06-10,"3,030","3,030","3,030","2,990",1.30M,0.50%
2020-06-09,"3,015","3,020","3,035","2,985",0.12K,0.33%
2020-06-08,"3,005","3,020","3,035","2,985",0.45K,-0.33%
2020-06-05,"3,015","3,010","3,060","3,005",1.67M,0.84%
2020-06-04,"2,990","2,995","3,025","2,980",1.50M,-0.17%
2020-06-03,"2,995","3,020","3,055","2,970",0.03K,-4.47%
2020-06-02,"3,135","3,050","3,180","3,015",2.99K,5.91%
2020-06-01,"2,960","2,955","3,005","2,935",2.05M,0.68%
2020-05-29,"2,940","2,995","3,035","2,925",4.33M,0.00%
2020-05-28,"2,940","2,925","3,040","2,865",0.34K,2.44%
2020-05-27,"2,870","2,850","2,905","2,820",0.35K,0.70%
2020-05-26,"2,850","2,895","2,895","2,830",6.44K,-0.70%
2020-05-25,"2,870","2,835","2,890","2,830",1.43M,0.88%
2020-05-24,"2,845","2,845","2,845","2,845",-,0.00%
2020-05-22,"2,845","2,860","2,935","2,800",3.08M,-1.56%
2020-05-21,"2,890","2,940","2,940","2,855",1.44M,-0.86%
2020-05-20,"2,915","2,915","2,980","2,875",2.73M,0.52%
2020-05-19,"2,900","2,935","2,950","2,815",1.10K,-0.85%
2020-05-18,"2,925","2,795","3,070","2,780",0.51K,4.46%
2020-05-17,"2,800","2,800","2,800","2,800",-,0.00%
2020-05-15,"2,800","2,895","2,895","2,760",1.59M,-0.88%
2020-05-14,"2,825","2,850","2,870","2,785",2.15K,0.89%
2020-05-13,"2,800","2,820","2,875","2,770",1.96M,-1.75%
2020-05-12,"2,850","2,810","2,990","2,795",4.48M,1.97%
2020-05-11,"2,795","2,760","2,830","2,715",3.35M,-3.62%
2020-05-10,"2,900","2,900","2,900","2,900",-,0.00%
2020-05-08,"2,900","2,970","3,030","2,875",7.01M,3.57%
2020-05-07,"2,800","2,660","2,995","2,645",19.41M,6.46%
2020-05-06,"2,630","2,650","2,655","2,575",1.40M,1.15%
2020-05-05,"2,600","2,600","2,600","2,600",-,0.00%
2020-05-04,"2,600","2,670","2,710","2,595",3.26M,1.17%
2020-05-03,"2,570","2,570","2,570","2,570",-,0.00%
2020-04-29,"2,570","2,570","2,635","2,530",2.11M,0.00%
2020-04-28,"2,570","2,465","2,760","2,415",16.36M,6.20%
2020-04-27,"2,420","2,415","2,425","2,360",1.92M,4.31%
2020-04-26,"2,320","2,320","2,320","2,320",-,0.00%
2020-04-24,"2,320","2,410","2,425","2,270",2.72M,0.00%
2020-04-23,"2,320","2,370","2,390","2,315",2.57M,0.00%
2020-04-22,"2,320","2,200","2,385","2,190",8.21M,7.66%
2020-04-21,"2,155","2,175","2,225","2,045",1.90M,-2.49%
2020-04-20,"2,210","2,195","2,255","2,150",2.72M,2.55%
2020-04-19,"2,155","2,155","2,155","2,155",-,0.00%
2020-04-17,"2,155","2,095","2,185","2,070",2.64M,6.16%
2020-04-16,"2,030","1,990","2,095","1,960",1.10M,0.25%
2020-04-14,"2,025","1,985","2,045","1,985",608.81K,2.27%
2020-04-13,"1,980","2,030","2,055","1,980",990.74K,-2.46%
2020-04-12,"2,030","2,030","2,030","2,030",-,0.00%
2020-04-10,"2,030","2,150","2,170","1,975",1.65M,-4.69%
2020-04-09,"2,130","2,160","2,165","2,090",1.36M,1.19%
2020-04-08,"2,105","2,100","2,190","2,045",2.22M,-2.32%
2020-04-07,"2,155","2,050","2,300","2,000",10.98M,10.80%
2020-04-06,"1,945","1,845","1,970","1,795",3.34M,7.16%
2020-04-03,"1,815","1,815","1,825","1,730",1.92M,1.97%
2020-04-02,"1,780","1,730","1,895","1,685",4.25M,4.71%
2020-04-01,"1,700","1,695","1,815","1,665",3.27M,0.29%
2020-03-31,"1,695","1,645","1,835","1,625",5.58M,8.31%
2020-03-30,"1,565","1,480","1,585","1,435",1.98M,1.95%
2020-03-29,"1,535","1,535","1,535","1,535",-,0.00%
2020-03-27,"1,535","1,575","1,600","1,440",2.11M,2.33%
2020-03-26,"1,500","1,485","1,580","1,440",2.65M,1.69%
2020-03-25,"1,475","1,485","1,500","1,435",5.21K,4.61%
2020-03-24,"1,410","1,400","1,425","1,340",1.83M,6.42%
2020-03-23,"1,325","1,260","1,345","1,230",0.20K,-3.28%
2020-03-22,"1,370","1,370","1,370","1,370",-,0.00%
2020-03-20,"1,370","1,210","1,460","1,210",7.03M,17.60%
2020-03-19,"1,165","1,490","1,550","1,145",2.60M,-20.21%
2020-03-18,"1,460","1,620","1,665","1,460",5.55K,-8.75%
2020-03-17,"1,600","1,400","1,745","1,400",2.98M,3.56%
2020-03-16,"1,545","1,700","1,775","1,545",1.37M,-8.85%
2020-03-13,"1,695","1,620","1,825","1,550",3.64M,-10.32%
2020-03-12,"1,890","2,040","2,070","1,865",2.18M,-9.79%
2020-03-11,"2,095","2,245","2,280","2,085",863.79K,-6.68%
2020-03-10,"2,245","2,230","2,275","2,170",642.75K,-0.22%
2020-03-09,"2,250","2,360","2,370","2,240",1.21M,-7.79%
2020-03-08,"2,440","2,440","2,440","2,440",-,0.00%
2020-03-06,"2,440","2,465","2,465","2,380",992.26K,-1.61%
2020-03-05,"2,480","2,465","2,500","2,400",2.29M,5.53%
2020-03-04,"2,350","2,265","2,375","2,255",508.20K,2.17%
2020-03-03,"2,300","2,380","2,390","2,300",724.27K,-0.65%
2020-03-02,"2,315","2,165","2,320","2,165",837.01K,5.47%
2020-03-01,"2,195","2,195","2,195","2,195",-,0.00%
2020-02-28,"2,195","2,265","2,325","2,190",1.40M,-5.79%
2020-02-27,"2,330","2,450","2,465","2,330",1.03M,-5.67%
2020-02-26,"2,470","2,460","2,490","2,430",744.97K,-2.37%
2020-02-25,"2,530","2,390","2,545","2,390",953.81K,2.85%
2020-02-24,"2,460","2,540","2,605","2,425",1.02M,-4.84%
2020-02-23,"2,585","2,585","2,585","2,585",-,0.00%
2020-02-21,"2,585","2,655","2,665","2,580",912.34K,-3.36%
2020-02-20,"2,675","2,715","2,715","2,660",897.84K,-2.19%
2020-02-19,"2,735","2,745","2,770","2,690",738.72K,0.92%
2020-02-18,"2,710","2,740","2,765","2,700",763.55K,-1.28%
2020-02-17,"2,745","2,820","2,825","2,740",1.16M,-2.66%
2020-02-16,"2,820","2,820","2,820","2,820",-,0.00%
2020-02-14,"2,820","2,865","2,865","2,805",1.01M,-1.91%
2020-02-13,"2,875","2,875","2,875","2,805",2.52M,1.95%
2020-02-12,"2,820","2,780","2,825","2,750",1.59M,2.92%
2020-02-11,"2,740","2,830","2,830","2,705",1.56M,-2.49%
2020-02-10,"2,810","2,855","2,900","2,810",2.72M,0.36%
2020-02-07,"2,800","2,825","2,885","2,790",2.65M,0.54%
2020-02-06,"2,785","2,815","2,840","2,765",1.28M,1.64%
2020-02-05,"2,740","2,700","2,740","2,690",952.46K,1.86%
2020-02-04,"2,690","2,690","2,760","2,680",997.46K,-0.55%
2020-02-03,"2,705","2,685","2,730","2,570",1.78M,-0.18%
2020-02-02,"2,710","2,710","2,710","2,710",-,0.00%
2020-01-31,"2,710","2,785","2,810","2,660",1.62M,-1.45%
2020-01-30,"2,750","2,830","2,850","2,710",1.97M,-1.96%
2020-01-29,"2,805","2,785","2,830","2,750",1.75M,2.94%
2020-01-28,"2,725","2,705","2,840","2,645",3.17M,0.55%
2020-01-27,"2,710","2,710","2,710","2,710",-,0.00%
2020-01-23,"2,710","2,790","2,825","2,705",966.05K,-2.69%
2020-01-22,"2,785","2,790","2,845","2,775",913.93K,0.36%
2020-01-21,"2,775","2,815","2,840","2,770",1.17M,-1.42%
2020-01-20,"2,815","2,840","2,875","2,790",2.01M,-2.93%
2020-01-19,"2,900","2,900","2,900","2,900",-,0.00%
2020-01-17,"2,900","2,810","2,920","2,740",4.21M,3.94%
2020-01-16,"2,790","2,800","2,835","2,750",1.31M,0.18%
2020-01-15,"2,785","2,925","3,000","2,765",7.39M,0.72%
2020-01-14,"2,765","2,665","2,910","2,640",7.57M,3.95%
2020-01-13,"2,660","2,635","2,705","2,635",1.90M,1.33%
2020-01-12,"2,625","2,625","2,625","2,625",-,0.00%
2020-01-10,"2,625","2,670","2,685","2,620",1.81M,-1.50%
2020-01-09,"2,665","2,600","2,720","2,575",4.49M,-7.14%
2020-01-08,"2,870","2,720","3,020","2,685",29.72M,8.30%
2020-01-07,"2,650","2,670","2,735","2,645",1.62M,-0.75%
2020-01-06,"2,670","2,610","2,710","2,560",3.18M,2.10%
2020-01-05,"2,615","2,615","2,615","2,615",-,0.00%
2020-01-03,"2,615","2,540","2,700","2,515",3.77M,2.95%
2020-01-02,"2,540","2,505","2,560","2,500",476.98K,0.79%
2019-12-30,"2,520","2,500","2,535","2,475",484.00K,0.80%
2019-12-27,"2,500","2,465","2,515","2,465",450.59K,1.21%
2019-12-26,"2,470","2,450","2,485","2,445",396.28K,0.00%
2019-12-25,"2,470","2,470","2,470","2,470",-,0.00%
2019-12-24,"2,470","2,520","2,540","2,465",636.38K,-2.37%
2019-12-23,"2,530","2,545","2,565","2,525",508.29K,0.00%
2019-12-20,"2,530","2,520","2,565","2,510",563.43K,0.40%
2019-12-19,"2,520","2,630","2,650","2,515",1.67M,0.00%
2019-12-18,"2,520","2,475","2,525","2,475",520.76K,1.20%
2019-12-17,"2,490","2,540","2,545","2,460",814.01K,-1.78%
2019-12-16,"2,535","2,530","2,555","2,515",440.75K,0.00%
2019-12-13,"2,535","2,530","2,555","2,515",536.32K,0.60%
2019-12-12,"2,520","2,495","2,540","2,495",438.42K,0.80%
2019-12-11,"2,500","2,515","2,560","2,485",718.75K,-0.60%
2019-12-10,"2,515","2,500","2,535","2,480",448.65K,0.80%
2019-12-09,"2,495","2,510","2,545","2,480",758.18K,-0.60%
2019-12-06,"2,510","2,435","2,515","2,435",819.29K,2.45%
2019-12-05,"2,450","2,560","2,585","2,420",1.04M,-3.92%
2019-12-04,"2,550","2,600","2,620","2,530",937.21K,-2.30%
2019-12-03,"2,610","2,610","2,665","2,605",551.87K,-1.32%
2019-12-02,"2,645","2,670","2,705","2,640",571.88K,-0.94%
2019-12-01,"2,670","2,670","2,670","2,670",-,0.00%
2019-11-29,"2,670","2,760","2,785","2,670",890.67K,-2.38%
2019-11-28,"2,735","2,690","2,900","2,675",2.14M,0.74%
2019-11-27,"2,715","2,780","2,785","2,715",647.00K,-1.81%
2019-11-26,"2,765","2,750","2,780","2,735",769.67K,1.10%
2019-11-25,"2,735","2,690","2,750","2,690",905.36K,1.11%
2019-11-24,"2,705","2,705","2,705","2,705",-,0.00%
2019-11-22,"2,705","2,700","2,845","2,695",1.78M,-0.92%
2019-11-21,"2,730","2,825","2,865","2,730",1.45M,-4.21%
2019-11-20,"2,850","2,925","2,970","2,850",1.45M,-2.73%
2019-11-19,"2,930","2,910","3,005","2,865",2.05M,0.69%
2019-11-18,"2,910","2,970","2,970","2,905",1.06M,-1.69%
2019-11-17,"2,960","2,960","2,960","2,960",-,0.00%
2019-11-15,"2,960","3,015","3,020","2,935",1.52M,-2.31%
2019-11-14,"3,030","2,980","3,135","2,960",3.54M,1.85%
2019-11-13,"2,975","2,995","3,040","2,970",1.41M,-0.50%
2019-11-12,"2,990","2,980","3,025","2,960",1.02M,0.34%
2019-11-11,"2,980","3,040","3,050","2,975",1.55M,-1.32%
2019-11-10,"3,020","3,020","3,020","3,020",-,0.00%
2019-11-08,"3,020","3,025","3,085","3,005",2.25M,-0.17%
2019-11-07,"3,025","3,095","3,235","3,015",9.36M,-0.82%
2019-11-06,"3,050","3,050","3,105","3,020",2.95M,0.16%
2019-11-05,"3,045","3,150","3,155","3,035",4.54M,-3.64%
2019-11-04,"3,160","3,195","3,380","3,130",15.84M,0.96%
2019-11-03,"3,130","3,130","3,130","3,130",-,0.00%
2019-11-01,"3,130","2,960","3,435","2,960",62.55M,6.10%
2019-10-31,"2,950","2,950","3,030","2,925",4.85M,0.00%
2019-10-30,"2,950","2,950","3,075","2,920",8.21M,-1.50%
2019-10-29,"2,995","3,065","3,130","2,950",10.62M,-6.55%
2019-10-28,"3,205","3,160","3,385","2,855",54.66M,22.33%
2019-10-25,"2,620","2,640","2,655","2,615",616.78K,-0.38%
2019-10-24,"2,630","2,680","2,700","2,590",1.38M,-3.13%
2019-10-23,"2,715","2,740","2,750","2,695",732.38K,-1.45%
2019-10-22,"2,755","2,725","2,760","2,720",544.96K,0.73%
2019-10-21,"2,735","2,780","2,795","2,730",506.05K,-1.26%
2019-10-18,"2,770","2,865","2,865","2,765",892.35K,-2.46%
2019-10-17,"2,840","2,760","2,840","2,750",1.16M,1.97%
2019-10-16,"2,785","2,755","2,790","2,740",773.24K,0.91%
2019-10-15,"2,760","2,710","2,775","2,710",610.04K,1.85%
2019-10-14,"2,710","2,750","2,755","2,700",660.08K,-1.45%
2019-10-13,"2,750","2,750","2,750","2,750",-,0.00%
2019-10-11,"2,750","2,735","2,775","2,730",557.23K,-0.18%
2019-10-10,"2,755","2,780","2,790","2,730",569.67K,1.10%
2019-10-08,"2,725","2,690","2,760","2,685",871.39K,2.44%
2019-10-07,"2,660","2,705","2,745","2,650",1.16M,-2.92%
2019-10-06,"2,740","2,740","2,740","2,740",-,0.00%
2019-10-04,"2,740","2,750","2,780","2,740",407.10K,-1.44%
2019-10-02,"2,780","2,805","2,820","2,775",580.28K,-1.59%
2019-10-01,"2,825","2,780","2,865","2,770",1.34M,1.80%
2019-09-30,"2,775","2,750","2,805","2,705",943.85K,0.18%
2019-09-29,"2,770","2,770","2,770","2,770",-,0.00%
2019-09-27,"2,770","2,760","2,790","2,745",712.45K,-0.89%
2019-09-26,"2,795","2,800","2,855","2,775",1.09M,-0.18%
2019-09-25,"2,800","2,810","2,885","2,760",3.22M,-6.82%
2019-09-24,"3,005","2,990","3,025","2,945",975.54K,-1.31%
2019-09-23,"3,045","3,105","3,110","3,035",1.35M,-2.72%
2019-09-22,"3,130","3,130","3,130","3,130",-,0.00%
2019-09-20,"3,130","3,050","3,135","3,035",2.28M,3.13%
2019-09-19,"3,035","3,080","3,145","3,035",3.26M,-0.65%
2019-09-18,"3,055","3,030","3,070","2,990",3.26M,2.35%
2019-09-17,"2,985","2,990","2,995","2,945",1.04M,-0.50%
2019-09-16,"3,000","2,900","3,010","2,900",1.52M,3.63%
2019-09-11,"2,895","2,875","2,905","2,850",659.15K,0.87%
2019-09-10,"2,870","2,920","2,940","2,870",895.78K,-1.71%
2019-09-09,"2,920","2,980","3,065","2,900",3.01M,-2.18%
2019-09-08,"2,985","2,985","2,985","2,985",-,0.00%
2019-09-06,"2,985","2,910","3,085","2,905",5.65M,3.29%
2019-09-05,"2,890","2,900","2,925","2,880",825.13K,-0.17%
2019-09-04,"2,895","2,935","2,955","2,885",1.34M,-1.36%
2019-09-03,"2,935","2,865","2,975","2,850",4.59M,4.45%
2019-09-02,"2,810","2,760","2,815","2,760",994.73K,2.55%
2019-09-01,"2,740","2,740","2,740","2,740",-,0.00%
2019-08-30,"2,740","2,705","2,750","2,700",751.10K,1.86%
2019-08-29,"2,690","2,740","2,755","2,690",1.18M,-2.71%
2019-08-28,"2,765","2,780","2,835","2,750",894.10K,-1.07%
2019-08-27,"2,795","2,860","2,880","2,795",1.18M,-0.89%
2019-08-26,"2,820","2,815","2,955","2,780",2.45M,-1.74%
2019-08-25,"2,870","2,870","2,870","2,870",-,0.00%
2019-08-23,"2,870","2,850","2,915","2,835",1.02M,-0.69%
2019-08-22,"2,890","2,955","2,955","2,885",1.24M,-2.20%
2019-08-21,"2,955","2,890","2,995","2,880",2.37M,2.07%
2019-08-20,"2,895","2,935","2,960","2,890",1.03M,0.35%
2019-08-19,"2,885","2,855","2,940","2,850",1.14M,1.58%
2019-08-16,"2,840","2,880","2,940","2,840",1.13M,-3.07%
2019-08-15,"2,930","2,930","2,930","2,930",-,0.00%
2019-08-14,"2,930","2,940","3,000","2,870",2.48M,-0.68%
2019-08-13,"2,950","2,940","3,020","2,940",1.64M,-0.84%
2019-08-12,"2,975","3,025","3,025","2,935",2.40M,-1.82%
2019-08-11,"3,030","3,030","3,030","3,030",-,0.00%
2019-08-09,"3,030","2,885","3,030","2,850",5.21M,6.88%
2019-08-08,"2,835","2,840","2,890","2,810",2.23M,1.80%
2019-08-07,"2,785","2,775","2,855","2,745",2.55M,-1.76%
2019-08-06,"2,835","2,940","3,060","2,780",7.14M,2.90%
2019-08-05,"2,755","2,890","3,030","2,700",5.25M,-4.34%
2019-08-04,"2,880","2,880","2,880","2,880",-,0.00%
2019-08-02,"2,880","2,870","2,940","2,860",995.53K,0.70%
2019-08-01,"2,860","3,045","3,075","2,855",1.47M,-2.56%
2019-07-31,"2,935","2,880","2,960","2,840",1.41M,1.38%
2019-07-30,"2,895","2,770","2,975","2,770",1.76M,1.94%
2019-07-29,"2,840","2,950","2,995","2,835",1.71M,-4.70%
2019-07-28,"2,980","2,980","2,980","2,980",-,0.00%
2019-07-26,"2,980","3,080","3,105","2,975",1.78M,-4.33%
2019-07-25,"3,115","3,070","3,285","3,065",4.32M,0.97%
2019-07-24,"3,085","3,165","3,200","3,030",1.87M,-3.14%
2019-07-23,"3,185","3,235","3,290","3,185",1.53M,-2.30%
2019-07-22,"3,260","3,210","3,270","3,195",750.58K,0.77%
2019-07-21,"3,235","3,235","3,235","3,235",-,0.00%
2019-07-19,"3,235","3,305","3,330","3,215",1.49M,0.31%
2019-07-18,"3,225","3,330","3,340","3,225",1.51M,-3.15%
2019-07-17,"3,330","3,150","3,345","3,125",2.63M,0.91%
2019-07-16,"3,300","3,465","3,475","3,280",2.29M,-2.65%
2019-07-15,"3,390","3,470","3,490","3,390",2.38M,-5.04%
2019-07-14,"3,570","3,570","3,570","3,570",-,0.00%
2019-07-12,"3,570","3,560","3,625","3,530",1.83M,-1.79%
2019-07-11,"3,635","3,675","3,680","3,560",2.34M,-1.49%
2019-07-10,"3,690","3,600","3,740","3,600",3.08M,2.50%
2019-07-09,"3,600","3,600","3,770","3,565",6.39M,3.15%
2019-07-08,"3,490","3,705","3,720","3,480",2.56M,-5.80%
2019-07-07,"3,705","3,705","3,705","3,705",-,0.00%
2019-07-05,"3,705","3,730","3,740","3,660",2.31M,-2.50%
2019-07-04,"3,800","3,910","3,945","3,800",2.57M,-0.65%
2019-07-03,"3,825","3,815","3,950","3,805",5.15M,2.14%
2019-07-02,"3,745","3,800","3,915","3,700",5.46M,-2.98%
2019-07-01,"3,860","3,850","3,950","3,800",4.57M,-3.74%
2019-06-30,"4,010","4,010","4,010","4,010",-,0.00%
2019-06-28,"4,010","4,075","4,180","4,005",5.70M,-5.76%
2019-06-27,"4,255","4,690","4,775","4,210",15.05M,-6.28%
2019-06-26,"4,540","4,750","4,915","4,420",41.87M,-0.66%
2019-06-25,"4,570","4,035","4,865","4,035",70.40M,14.25%
2019-06-24,"4,000","4,150","4,180","3,995",3.19M,0.13%
2019-06-23,"3,995","3,995","3,995","3,995",-,0.00%
2019-06-21,"3,995","4,060","4,130","3,995",3.71M,-0.87%
2019-06-20,"4,030","3,850","4,070","3,850",5.21M,4.68%
2019-06-19,"3,850","3,950","4,005","3,850",2.18M,-2.16%
2019-06-18,"3,935","4,180","4,185","3,910",4.02M,-4.26%
2019-06-17,"4,110","4,310","4,340","4,105",7.50M,1.61%
2019-06-14,"4,045","4,000","4,170","3,995",6.95M,3.06%
2019-06-13,"3,925","4,065","4,105","3,925",3.05M,-2.73%
2019-06-12,"4,035","3,960","4,035","3,910",3.02M,2.15%
2019-06-11,"3,950","3,905","3,995","3,865",4.24M,2.46%
2019-06-10,"3,855","3,750","3,860","3,715",2.81M,2.39%
2019-06-07,"3,765","3,765","3,780","3,705",2.00M,-0.13%
2019-06-05,"3,770","3,670","3,795","3,650",2.99M,0.94%
2019-06-04,"3,735","3,725","3,760","3,675",3.95M,-3.24%
2019-06-03,"3,860","3,940","3,970","3,860",2.78M,-0.90%
2019-05-31,"3,895","3,765","3,895","3,725",4.35M,-1.14%
2019-05-30,"3,940","3,850","4,005","3,850",3.80M,1.68%
2019-05-29,"3,875","4,000","4,035","3,830",3.53M,-5.02%
2019-05-28,"4,080","4,160","4,165","4,040",4.65M,-0.73%
2019-05-27,"4,110","4,330","4,380","4,035",13.82M,7.87%
2019-05-24,"3,810","3,910","4,100","3,810",10.79M,0.53%
2019-05-23,"3,790","3,945","4,005","3,780",8.45M,-7.79%
2019-05-22,"4,110","4,140","4,250","4,070",6.29M,-0.72%
2019-05-21,"4,140","4,190","4,330","4,025",6.15M,-2.93%
2019-05-20,"4,265","4,510","4,530","4,200",11.70M,1.67%
2019-05-17,"4,195","4,480","4,570","4,105",16.13M,-9.00%
2019-05-16,"4,610","4,550","4,950","4,455",43.91M,2.22%
2019-05-15,"4,510","4,515","4,750","4,420",16.02M,1.35%
2019-05-14,"4,450","4,755","4,965","4,380",42.18M,6.97%
2019-05-13,"4,160","4,135","4,380","3,950",58.20M,13.66%
2019-05-10,"3,660","3,785","3,845","3,610",8.22M,-0.54%
2019-05-09,"3,680","3,690","3,940","3,570",15.21M,3.81%
2019-05-08,"3,545","3,685","3,735","3,545",3.78M,-3.54%
2019-05-07,"3,675","3,640","3,800","3,615",8.42M,2.80%
2019-05-03,"3,575","3,550","3,820","3,510",10.74M,3.62%
2019-05-02,"3,450","3,425","3,485","3,420",1.79M,2.37%
2019-04-30,"3,370","3,410","3,475","3,360",1.61M,-1.46%
2019-04-29,"3,420","3,435","3,485","3,420",1.32M,-0.58%
2019-04-26,"3,440","3,445","3,545","3,425",2.84M,-3.64%
2019-04-25,"3,570","3,710","3,720","3,570",4.88M,-6.05%
2019-04-24,"3,800","3,795","3,860","3,725",8.38M,0.53%
2019-04-23,"3,780","3,600","3,850","3,580",17.06M,6.93%
2019-04-22,"3,535","3,575","3,625","3,495",2.43M,1.29%
2019-04-19,"3,490","3,520","3,660","3,465",5.34M,1.01%
2019-04-18,"3,455","3,360","3,830","3,360",20.59M,1.62%
2019-04-17,"3,400","3,495","3,520","3,400",3.00M,0.00%
2019-04-16,"3,400","3,565","3,570","3,390",4.09M,-5.03%
2019-04-15,"3,580","3,710","3,715","3,570",3.55M,-2.19%
2019-04-12,"3,660","3,590","3,710","3,555",4.02M,0.14%
2019-04-11,"3,655","3,690","3,865","3,630",10.03M,-0.41%
2019-04-10,"3,670","3,580","3,680","3,550",5.21M,1.94%
2019-04-09,"3,600","3,820","3,870","3,575",7.66M,-4.26%
2019-04-08,"3,760","3,680","4,085","3,660",38.36M,6.06%
2019-04-05,"3,545","3,630","3,680","3,540",8.71M,-5.21%
2019-04-04,"3,740","3,650","3,880","3,620",25.22M,3.46%
2019-04-03,"3,615","3,760","4,030","3,535",46.85M,-4.24%
2019-04-02,"3,775","2,985","3,865","2,965",34.49M,26.68%
2019-04-01,"2,980","2,960","3,045","2,940",2.17M,2.94%
2019-03-29,"2,895","2,825","2,955","2,820",2.17M,3.95%
2019-03-28,"2,785","2,910","2,925","2,785",1.14M,-3.30%
2019-03-27,"2,880","2,850","2,930","2,810",1.44M,0.70%
2019-03-26,"2,860","2,885","2,930","2,860",1.36M,-0.17%
2019-03-25,"2,865","2,985","3,000","2,855",2.05M,-6.53%
2019-03-22,"3,065","3,180","3,185","3,065",1.86M,-3.46%
2019-03-21,"3,175","3,245","3,290","3,135",2.10M,-2.01%
2019-03-20,"3,240","3,220","3,300","3,170",3.31M,2.53%
2019-03-19,"3,160","3,345","3,375","3,160",4.35M,-4.82%
2019-03-18,"3,320","3,200","3,325","3,170",4.23M,5.40%
2019-03-15,"3,150","3,380","3,395","3,115",5.82M,-4.98%
2019-03-14,"3,315","3,155","3,315","3,140",4.36M,5.24%
2019-03-13,"3,150","3,240","3,260","3,085",3.56M,-2.17%
2019-03-12,"3,220","3,295","3,405","3,220",7.04M,-1.83%
2019-03-11,"3,280","3,230","3,305","3,120",5.05M,0.00%
2019-03-08,"3,280","3,155","3,400","3,100",12.03M,2.66%
2019-03-07,"3,195","3,250","3,320","3,065",14.34M,1.91%
2019-03-06,"3,135","2,755","3,150","2,750",14.41M,15.26%
2019-03-05,"2,720","2,695","2,735","2,690",853.79K,0.00%
2019-03-04,"2,720","2,715","2,780","2,700",872.55K,1.30%
2019-02-28,"2,685","2,865","2,870","2,685",1.68M,-6.28%
2019-02-27,"2,865","2,850","2,910","2,820",1.77M,1.96%
2019-02-26,"2,810","2,860","2,935","2,810",1.64M,-1.40%
2019-02-25,"2,850","2,855","2,910","2,845",1.48M,-2.23%
2019-02-22,"2,915","2,940","2,960","2,890",1.99M,-2.02%
2019-02-21,"2,975","2,785","3,025","2,775",10.53M,7.01%
2019-02-20,"2,780","2,840","2,870","2,775",1.56M,-2.11%
2019-02-19,"2,840","2,905","2,970","2,825",4.30M,0.53%
2019-02-18,"2,825","2,885","2,910","2,820",2.89M,0.53%
2019-02-15,"2,810","2,850","2,895","2,780",3.65M,0.54%
2019-02-14,"2,795","2,705","2,900","2,700",6.97M,2.95%
2019-02-13,"2,715","2,670","2,795","2,645",3.75M,1.69%
2019-02-12,"2,670","2,660","2,695","2,630",1.60M,-0.37%
2019-02-11,"2,680","2,775","2,865","2,655",7.39M,4.28%
2019-02-08,"2,570","2,550","2,600","2,550",573.57K,0.19%
2019-02-07,"2,565","2,600","2,605","2,545",834.89K,-1.35%
2019-02-01,"2,600","2,610","2,620","2,580",655.87K,-0.76%
2019-01-31,"2,620","2,610","2,630","2,595",648.32K,0.58%
2019-01-30,"2,605","2,635","2,635","2,585",638.48K,-0.57%
2019-01-29,"2,620","2,670","2,700","2,600",1.04M,-2.42%
2019-01-28,"2,685","2,680","2,715","2,660",1.11M,0.37%
2019-01-25,"2,675","2,655","2,700","2,655",869.85K,0.75%
2019-01-24,"2,655","2,635","2,665","2,620",724.52K,0.76%
2019-01-23,"2,635","2,660","2,685","2,610",885.31K,-0.75%
2019-01-22,"2,655","2,735","2,750","2,640",1.55M,-2.39%
2019-01-21,"2,720","2,660","2,760","2,640",2.72M,2.45%
2019-01-18,"2,655","2,665","2,705","2,635",1.08M,-0.38%
2019-01-17,"2,665","2,630","2,730","2,605",4.74M,2.11%
2019-01-16,"2,610","2,600","2,620","2,570",803.95K,0.77%
2019-01-15,"2,590","2,590","2,630","2,575",787.12K,1.57%
2019-01-14,"2,550","2,585","2,585","2,525",658.70K,-1.73%
2019-01-11,"2,595","2,620","2,650","2,585",1.32M,-3.17%
2019-01-10,"2,680","2,660","2,695","2,625",1.02M,0.94%
2019-01-09,"2,655","2,610","2,675","2,605",915.55K,2.31%
2019-01-08,"2,595","2,670","2,725","2,590",1.35M,-3.35%
2019-01-07,"2,685","2,670","2,730","2,650",2.03M,2.87%
2019-01-04,"2,610","2,615","2,620","2,540",838.04K,-0.57%
2019-01-03,"2,625","2,715","2,735","2,600",2.01M,-0.38%
2019-01-02,"2,635","2,620","2,690","2,610",1.43M,1.74%
2018-12-28,"2,590","2,515","2,635","2,515",972.60K,1.57%
2018-12-27,"2,550","2,550","2,735","2,540",2.95M,1.19%
2018-12-26,"2,520","2,600","2,635","2,520",2.04M,-7.69%
2018-12-24,"2,730","2,625","2,785","2,530",3.08M,2.25%
2018-12-21,"2,670","3,015","3,075","2,655",9.89M,2.10%
2018-12-20,"2,615","2,665","2,855","2,615",7.37M,0.00%
2018-12-19,"2,615","2,770","2,770","2,570",3.15M,-2.97%
2018-12-18,"2,695","2,450","2,885","2,450",12.13M,16.67%
2018-12-17,"2,310","2,385","2,395","2,270",716.33K,-3.14%
2018-12-14,"2,385","2,470","2,495","2,355",686.36K,-3.64%
2018-12-13,"2,475","2,450","2,570","2,435",911.19K,1.64%
2018-12-12,"2,435","2,395","2,490","2,395",445.59K,1.46%
2018-12-11,"2,400","2,385","2,490","2,310",1.23M,-0.21%
2018-12-10,"2,405","2,510","2,550","2,395",769.41K,-4.56%
2018-12-07,"2,520","2,515","2,580","2,470",750.56K,0.20%
2018-12-06,"2,515","2,695","2,695","2,500",1.38M,-6.68%
2018-12-05,"2,695","2,715","2,755","2,695",752.29K,-2.53%
2018-12-04,"2,765","2,750","2,800","2,725",752.84K,0.55%
2018-12-03,"2,750","2,775","2,790","2,725",706.17K,0.18%
2018-11-30,"2,745","2,815","2,830","2,745",631.31K,-1.61%
2018-11-29,"2,790","2,920","2,945","2,780",1.52M,-0.71%
2018-11-28,"2,810","2,855","2,910","2,795",1.29M,-0.35%
2018-11-27,"2,820","2,820","2,845","2,790",720.52K,0.18%
2018-11-26,"2,815","2,760","2,890","2,760",1.08M,1.62%
2018-11-23,"2,770","2,880","2,900","2,725",1.23M,-3.82%
2018-11-22,"2,880","2,980","3,005","2,880",1.03M,-1.71%
2018-11-21,"2,930","3,000","3,035","2,875",1.43M,-4.25%
2018-11-20,"3,060","3,040","3,125","3,000",1.36M,-3.01%
2018-11-19,"3,155","3,240","3,275","3,110",1.49M,-0.79%
2018-11-16,"3,180","3,050","3,245","3,030",2.00M,2.91%
2018-11-15,"3,090","3,095","3,150","3,040",1.31M,-3.44%
2018-11-14,"3,200","3,165","3,315","3,165",1.11M,0.16%
2018-11-13,"3,195","3,100","3,225","3,070",903.69K,0.31%
2018-11-12,"3,185","3,245","3,255","3,120",958.20K,-2.30%
2018-11-09,"3,260","3,220","3,335","3,215",1.31M,0.00%
2018-11-08,"3,260","3,285","3,365","3,225",1.75M,2.35%
2018-11-07,"3,185","3,380","3,450","3,045",3.62M,-4.35%
2018-11-06,"3,330","3,370","3,550","3,280",7.63M,0.91%
2018-11-05,"3,300","3,000","3,510","2,870",11.05M,11.86%
2018-11-02,"2,950","2,795","2,965","2,785",2.11M,7.47%
2018-11-01,"2,745","2,740","2,840","2,725",1.57M,2.04%
2018-10-31,"2,690","2,605","2,820","2,600",2.80M,3.66%
2018-10-30,"2,595","2,210","2,765","2,200",5.95M,11.85%
2018-10-29,"2,320","2,630","2,710","2,320",1.61M,-12.78%
2018-10-26,"2,660","2,860","2,930","2,660",1.51M,-6.67%
2018-10-25,"2,850","2,820","2,915","2,740",1.40M,-3.39%
2018-10-24,"2,950","3,120","3,175","2,945",1.23M,-4.22%
2018-10-23,"3,080","3,315","3,340","3,060",1.22M,-6.95%
2018-10-22,"3,310","3,330","3,375","3,280",696.34K,0.00%
2018-10-19,"3,310","3,380","3,400","3,270",891.33K,-2.50%
2018-10-18,"3,395","3,375","3,445","3,355",1.08M,0.59%
2018-10-17,"3,375","3,410","3,465","3,350",1.75M,-1.03%
2018-10-16,"3,410","3,360","3,550","3,320",4.49M,0.15%
2018-10-15,"3,405","3,100","3,510","3,100",3.50M,8.10%
2018-10-14,"3,150","3,150","3,150","3,150",-,0.00%
2018-10-12,"3,150","2,985","3,190","2,985",1.78M,3.11%
2018-10-11,"3,055","3,000","3,230","3,000",2.14M,-6.57%
2018-10-10,"3,270","3,535","3,590","3,270",2.55M,-8.79%
2018-10-09,"3,585","3,585","3,585","3,585",-,0.00%
2018-10-08,"3,585","3,610","3,715","3,570",1.23M,-1.38%
2018-10-07,"3,635","3,635","3,635","3,635",-,0.00%
2018-10-05,"3,635","3,820","3,980","3,610",3.37M,-4.84%
2018-10-04,"3,820","3,870","3,920","3,780",1.58M,-2.18%
2018-10-03,"3,905","3,905","3,905","3,905",-,0.00%
2018-10-02,"3,905","3,940","4,025","3,890",2.11M,-0.89%
2018-10-01,"3,940","3,965","4,070","3,940",2.30M,-1.13%
2018-09-30,"3,985","3,985","3,985","3,985",-,0.00%
2018-09-28,"3,985","3,950","4,110","3,940",5.32M,2.84%
2018-09-27,"3,875","3,990","3,990","3,870",1.59M,-2.02%
2018-09-26,"3,955","3,955","3,955","3,955",-,0.00%
2018-09-21,"3,955","3,970","4,030","3,885",4.38M,3.53%
2018-09-20,"3,820","3,815","3,965","3,805",2.86M,0.79%
2018-09-19,"3,790","3,800","3,900","3,780",2.36M,0.26%
2018-09-18,"3,780","3,870","3,870","3,770",1.57M,-2.45%
2018-09-17,"3,875","3,870","3,920","3,850",1.37M,-1.40%
2018-09-16,"3,930","3,930","3,930","3,930",-,0.00%
2018-09-14,"3,930","3,960","4,160","3,925",8.39M,2.08%
2018-09-13,"3,850","3,805","3,900","3,805",1.07M,0.92%
2018-09-12,"3,815","3,915","3,965","3,800",2.10M,-2.43%
2018-09-11,"3,910","3,930","3,965","3,900",1.63M,0.13%
2018-09-10,"3,905","3,900","4,000","3,875",2.08M,-1.14%
2018-09-09,"3,950","3,950","3,950","3,950",-,0.00%
2018-09-07,"3,950","3,945","4,065","3,870",3.62M,0.89%
2018-09-06,"3,915","3,910","3,975","3,905",4.37M,-5.55%
2018-09-05,"4,145","4,255","4,300","4,130",5.44M,-1.31%
2018-09-04,"4,200","4,030","4,265","4,020",11.14M,4.22%
2018-09-03,"4,030","4,155","4,170","4,020",3.20M,0.00%
2018-09-02,"4,030","4,030","4,030","4,030",-,0.00%
2018-08-31,"4,030","4,055","4,085","4,010",2.45M,-0.25%
2018-08-30,"4,040","3,975","4,110","3,920",4.21M,1.64%
2018-08-29,"3,975","4,115","4,200","3,970",7.15M,1.53%
2018-08-28,"3,915","3,945","4,150","3,895",12.54M,3.03%
2018-08-27,"3,800","3,865","3,890","3,770",2.15M,-1.68%
2018-08-26,"3,865","3,865","3,865","3,865",-,0.00%
2018-08-24,"3,865","3,860","3,975","3,845",5.69M,1.18%
2018-08-23,"3,820","3,795","3,950","3,780",6.16M,-3.54%
2018-08-22,"3,960","3,695","4,240","3,685",27.40M,8.64%
2018-08-21,"3,645","3,610","3,700","3,590",2.65M,0.00%
2018-08-20,"3,645","3,680","3,705","3,610",1.96M,0.14%
2018-08-19,"3,640","3,640","3,640","3,640",-,0.00%
2018-08-17,"3,640","3,525","3,665","3,505",2.86M,3.26%
2018-08-16,"3,525","3,495","3,645","3,475",3.65M,0.86%
2018-08-15,"3,495","3,495","3,495","3,495",-,0.00%
2018-08-14,"3,495","3,520","3,630","3,470",2.92M,-0.85%
2018-08-13,"3,525","3,680","3,705","3,475",3.29M,-4.47%
2018-08-12,"3,690","3,690","3,690","3,690",-,0.00%
2018-08-10,"3,690","3,835","3,870","3,675",3.19M,-1.86%
2018-08-09,"3,760","3,750","3,830","3,675",3.62M,-1.57%
2018-08-08,"3,820","3,875","3,985","3,805",3.68M,-2.30%
2018-08-07,"3,910","4,055","4,085","3,900",3.73M,-5.10%
2018-08-06,"4,120","4,015","4,300","4,015",6.49M,1.35%
2018-08-05,"4,065","4,065","4,065","4,065",-,0.00%
2018-08-03,"4,065","4,160","4,200","4,020",3.63M,-2.87%
2018-08-02,"4,185","4,145","4,325","4,085",7.62M,1.58%
2018-08-01,"4,120","4,110","4,260","4,085",6.02M,-4.85%
2018-07-31,"4,330","4,480","4,510","4,305",5.55M,-1.03%
2018-07-30,"4,375","4,330","4,550","4,330",8.81M,1.27%
2018-07-29,"4,320","4,320","4,320","4,320",-,0.00%
2018-07-27,"4,320","4,500","4,585","4,320",7.87M,-7.40%
2018-07-26,"4,665","4,510","4,695","4,365",13.76M,2.19%
2018-07-25,"4,565","4,500","5,300","4,460",56.80M,7.16%
2018-07-24,"4,260","4,420","4,515","4,140",14.38M,0.71%
2018-07-23,"4,230","3,990","4,530","3,950",20.88M,1.81%
2018-07-22,"4,155","4,155","4,155","4,155",-,0.00%
2018-07-20,"4,155","4,155","4,640","4,090",29.50M,-0.84%
2018-07-19,"4,190","4,380","4,385","4,035",13.88M,-3.01%
2018-07-18,"4,320","4,155","4,705","4,135",51.31M,8.14%
2018-07-17,"3,995","3,250","3,995","3,170",41.70M,29.92%
2018-07-16,"3,075","3,075","3,145","3,035",1.21M,0.82%
2018-07-13,"3,050","3,045","3,155","3,005",1.94M,0.49%
2018-07-12,"3,035","3,150","3,230","3,030",1.87M,-3.65%
2018-07-11,"3,150","3,080","3,555","3,005",11.22M,-0.32%
2018-07-10,"3,160","3,090","3,240","3,065",1.95M,2.27%
2018-07-09,"3,090","3,045","3,200","3,005",3.62M,3.17%
2018-07-06,"2,995","3,030","3,080","2,930",1.66M,0.17%
2018-07-05,"2,990","2,985","3,080","2,845",2.28M,0.67%
2018-07-04,"2,970","2,970","3,180","2,905",5.12M,1.02%
2018-07-03,"2,940","2,840","2,985","2,800",3.83M,7.50%
2018-07-02,"2,735","2,930","3,060","2,735",3.19M,-4.37%
2018-07-01,"2,860","2,860","2,860","2,860",-,0.00%
2018-06-29,"2,860","2,760","2,905","2,750",1.34M,2.14%
2018-06-28,"2,800","3,000","3,050","2,785",1.98M,-7.28%
2018-06-27,"3,020","3,100","3,175","3,020",1.05M,-3.05%
2018-06-26,"3,115","3,200","3,205","3,115",1.11M,-2.81%
2018-06-25,"3,205","3,260","3,325","3,175",1.76M,-5.32%
2018-06-24,"3,385","3,385","3,385","3,385",-,0.00%
2018-06-22,"3,385","3,190","3,840","3,150",13.43M,6.61%
2018-06-21,"3,175","3,225","3,240","3,125",707.82K,-0.63%
2018-06-20,"3,195","3,120","3,310","3,085",2.46M,2.40%
2018-06-19,"3,120","3,310","3,390","3,120",1.04M,-4.44%
2018-06-18,"3,265","3,405","3,465","3,210",1.28M,-5.36%
2018-06-17,"3,450","3,450","3,450","3,450",-,0.00%
2018-06-15,"3,450","3,475","3,565","3,415",948.77K,1.32%
2018-06-14,"3,405","3,585","3,630","3,365",1.49M,-4.62%
2018-06-13,"3,570","3,570","3,570","3,570",-,0.00%
2018-06-12,"3,570","3,635","3,655","3,560",1.37M,-0.97%
2018-06-11,"3,605","3,665","3,750","3,580",2.46M,-6.12%
2018-06-10,"3,840","3,840","3,840","3,840",-,0.00%
2018-06-08,"3,840","3,825","3,965","3,770",2.05M,0.39%
2018-06-07,"3,825","3,745","3,900","3,710",1.97M,3.38%
2018-06-05,"3,700","3,800","3,830","3,700",1.33M,-2.76%
2018-06-04,"3,805","3,775","4,085","3,770",4.43M,0.93%
2018-06-03,"3,770","3,770","3,770","3,770",-,0.00%
2018-06-01,"3,770","3,700","3,820","3,655",1.55M,2.45%
2018-05-31,"3,680","3,830","3,835","3,670",1.87M,-2.90%
2018-05-30,"3,790","3,745","4,110","3,720",8.36M,3.55%
2018-05-29,"3,660","3,800","3,800","3,650",1.90M,-3.94%
2018-05-28,"3,810","3,670","3,850","3,630",1.70M,1.87%
2018-05-27,"3,740","3,740","3,740","3,740",-,0.00%
2018-05-25,"3,740","3,775","3,920","3,705",1.76M,-2.22%
2018-05-24,"3,825","3,815","3,890","3,710",1.51M,-0.78%
2018-05-23,"3,855","3,895","3,950","3,850",1.39M,-2.90%
2018-05-22,"3,970","3,970","3,970","3,970",-,0.00%
2018-05-21,"3,970","4,090","4,090","3,960",1.09M,-0.75%
2018-05-20,"4,000","4,000","4,000","4,000",-,0.00%
2018-05-18,"4,000","3,920","4,065","3,855",1.76M,2.17%
2018-05-17,"3,915","3,900","4,075","3,875",2.35M,0.77%
2018-05-16,"3,885","4,040","4,165","3,830",3.62M,-5.13%
2018-05-15,"4,095","4,180","4,280","4,080",3.06M,-0.12%
2018-05-14,"4,100","4,120","4,240","4,015",6.61M,-7.24%
2018-05-13,"4,420","4,420","4,420","4,420",-,0.00%
2018-05-11,"4,420","4,460","4,505","4,350",2.12M,-2.32%
2018-05-10,"4,525","4,420","4,645","4,370",2.89M,3.19%
2018-05-09,"4,385","4,295","4,495","4,230",3.21M,0.11%
2018-05-08,"4,380","4,730","4,795","4,380",3.33M,-9.69%
2018-05-07,"4,850","4,850","4,850","4,850",-,0.00%
2018-05-04,"4,850","5,150","5,230","4,850",5.18M,0.00%
2018-05-03,"4,850","4,720","5,040","4,720",8.96M,4.53%
2018-05-02,"4,640","4,840","4,950","4,610",6.12M,-8.84%
2018-05-01,"5,090","5,090","5,090","5,090",-,0.00%
2018-04-30,"5,090","5,290","5,340","4,980",6.87M,-3.78%
2018-04-29,"5,290","5,290","5,290","5,290",-,0.00%
2018-04-27,"5,290","5,190","5,680","5,030",21.53M,3.93%
2018-04-26,"5,090","4,950","5,250","4,800",13.56M,-2.12%
2018-04-25,"5,200","5,800","6,040","4,980",45.69M,-4.24%
2018-04-24,"5,430","4,170","5,430","4,170",28.73M,29.90%
2018-04-23,"4,180","4,400","4,400","4,155",3.14M,-4.89%
2018-04-22,"4,395","4,395","4,395","4,395",-,0.00%
2018-04-20,"4,395","4,470","4,580","4,375",4.17M,0.92%
2018-04-19,"4,355","4,395","4,580","4,225",5.86M,-0.57%
2018-04-18,"4,380","4,355","4,460","4,185",4.42M,1.27%
2018-04-17,"4,325","4,200","4,410","4,100",5.62M,3.72%
2018-04-16,"4,170","4,125","4,345","4,105",5.93M,3.47%
2018-04-15,"4,030","4,030","4,030","4,030",-,0.00%
2018-04-13,"4,030","4,295","4,430","4,005",7.27M,-2.89%
2018-04-12,"4,150","3,890","4,320","3,850",11.87M,8.21%
2018-04-11,"3,835","3,885","3,945","3,800",1.72M,-1.79%
2018-04-10,"3,905","3,720","4,065","3,565",5.30M,4.97%
2018-04-09,"3,720","3,680","3,825","3,675",2.20M,1.36%
2018-04-08,"3,670","3,670","3,670","3,670",-,0.00%
2018-04-06,"3,670","3,890","3,945","3,640",3.06M,-5.53%
2018-04-05,"3,885","4,070","4,075","3,840",3.13M,-4.19%
2018-04-04,"4,055","4,370","4,375","4,020",2.97M,-5.26%
2018-04-03,"4,280","4,085","4,280","4,050",3.24M,5.68%
2018-04-02,"4,050","4,320","4,340","4,000",2.00M,-4.37%
2018-04-01,"4,235","4,235","4,235","4,235",-,0.00%
2018-03-30,"4,235","4,045","4,290","3,970",2.21M,4.05%
2018-03-29,"4,070","4,000","4,350","3,960",4.57M,3.04%
2018-03-28,"3,950","4,080","4,175","3,920",2.61M,-6.18%
2018-03-27,"4,210","4,360","4,390","4,180",1.59M,-3.00%
2018-03-26,"4,340","4,125","4,415","4,125",2.08M,4.45%
2018-03-25,"4,155","4,155","4,155","4,155",-,0.00%
2018-03-23,"4,155","4,245","4,365","4,080",2.34M,-2.35%
2018-03-22,"4,255","4,395","4,485","4,180",3.73M,-3.51%
2018-03-21,"4,410","4,550","4,590","4,395",2.32M,-0.34%
2018-03-20,"4,425","4,645","4,800","4,415",5.57M,1.03%
2018-03-19,"4,380","4,625","4,625","4,270",3.66M,-6.11%
2018-03-18,"4,665","4,665","4,665","4,665",-,0.00%
2018-03-16,"4,665","4,635","4,770","4,600",2.16M,0.54%
2018-03-15,"4,640","4,850","4,855","4,600",3.37M,-5.50%
2018-03-14,"4,910","4,900","5,120","4,870",3.36M,1.03%
2018-03-13,"4,860","4,945","4,975","4,840",1.63M,-1.72%
2018-03-12,"4,945","4,900","5,000","4,835",1.70M,1.54%
2018-03-11,"4,870","4,870","4,870","4,870",-,0.00%
2018-03-09,"4,870","5,010","5,020","4,855",2.98M,-3.56%
2018-03-08,"5,050","4,900","5,080","4,835",2.79M,2.23%
2018-03-07,"4,940","5,380","5,420","4,910",5.07M,-9.85%
2018-03-06,"5,480","5,740","5,750","5,360",3.03M,-3.01%
2018-03-05,"5,650","5,530","6,080","5,420",6.36M,3.67%
2018-03-04,"5,450","5,450","5,450","5,450",-,0.00%
2018-03-02,"5,450","5,360","5,540","5,260",2.98M,1.68%
2018-03-01,"5,360","5,360","5,360","5,360",-,0.00%
2018-02-28,"5,360","5,530","5,630","5,270",3.03M,-1.65%
2018-02-27,"5,450","5,700","5,770","5,410",3.49M,-2.85%
2018-02-26,"5,610","5,830","5,930","5,590",3.89M,-4.27%
2018-02-25,"5,860","5,860","5,860","5,860",-,0.00%
2018-02-23,"5,860","5,970","6,030","5,800",5.49M,-4.09%
2018-02-22,"6,110","6,250","6,330","6,050",7.05M,-4.38%
2018-02-21,"6,390","6,600","7,110","6,350",34.34M,6.15%
2018-02-20,"6,020","5,820","6,020","5,700",8.90M,5.06%
2018-02-19,"5,730","5,780","5,840","5,600",6.00M,4.95%
2018-02-18,"5,460","5,460","5,460","5,460",-,0.00%
2018-02-14,"5,460","5,410","5,570","5,260",5.34M,0.55%
2018-02-13,"5,430","5,670","5,990","5,270",13.71M,-6.54%
2018-02-12,"5,810","5,930","6,100","5,740",12.41M,3.01%
2018-02-11,"5,640","5,640","5,640","5,640",-,0.00%
2018-02-09,"5,640","5,450","5,920","5,420",12.18M,1.99%
2018-02-08,"5,530","5,380","5,820","5,190",13.56M,7.17%
2018-02-07,"5,160","5,250","5,950","5,060",30.14M,5.31%
2018-02-06,"4,900","5,010","5,100","4,505",12.62M,-10.58%
2018-02-05,"5,480","5,550","6,100","5,430",8.93M,-5.19%
2018-02-04,"5,780","5,780","5,780","5,780",-,0.00%
2018-02-02,"5,780","6,040","6,230","5,570",13.80M,-8.69%
2018-02-01,"6,330","6,270","6,890","5,870",33.26M,0.96%
2018-01-31,"6,270","6,580","6,780","6,210",10.11M,-7.79%
2018-01-30,"6,800","6,730","7,100","6,620",20.33M,0.74%
2018-01-29,"6,750","6,600","7,000","6,050",27.23M,0.00%
2018-01-28,"6,750","6,750","6,750","6,750",-,0.00%
2018-01-26,"6,750","6,920","7,020","6,630",8.69M,-4.66%
2018-01-25,"7,080","7,190","7,240","6,800",14.08M,1.72%
2018-01-24,"6,960","7,110","7,490","6,830",21.58M,-4.00%
2018-01-23,"7,250","6,950","7,840","6,750",56.36M,11.03%
2018-01-22,"6,530","6,890","7,210","6,000",21.34M,-4.67%
2018-01-21,"6,850","6,850","6,850","6,850",-,0.00%
2018-01-19,"6,850","7,830","8,050","6,340",29.42M,-12.74%
2018-01-18,"7,850","8,110","8,720","7,540",41.04M,4.67%
2018-01-17,"7,500","8,720","9,030","7,110",48.03M,-19.70%
2018-01-16,"9,340","9,090","9,890","8,530",48.67M,-0.53%
2018-01-15,"9,390","7,820","9,390","7,400",53.01M,29.88%
2018-01-14,"7,230","7,230","7,230","7,230",-,0.00%
2018-01-12,"7,230","7,660","8,050","5,720",99.77M,8.72%
2018-01-11,"6,650","7,900","8,800","6,650",60.33M,-30.00%
2018-01-10,"9,500","8,400","10,100","8,400",36.72M,22.27%
2018-01-09,"7,770","6,550","8,150","6,500",48.43M,21.98%
2018-01-05,"6,370","6,370","6,370","5,760",30.27M,29.87%
2018-01-03,"4,905","4,720","5,350","4,305",71.36M,12.50%
2018-01-02,"4,360","3,560","4,360","3,500",45.42M,29.96%
2018-01-01,"3,355","3,355","3,355","3,355",-,0.00%
